{"cameraMode":{"drawMode":0,"name":"Shaded","section":"Shading Mode"},"sceneLighting":true,"audioPlay":false,"sceneViewState":{"showFog":true,"showMaterialUpdate":false,"showSkybox":true,"showFlares":true,"showImageEffects":true,"showParticleSystems":true},"in2DMode":false,"pivot":{"x":44.79999923706055,"y":4.3894124031066898,"z":88.6766357421875},"rotation":{"x":0.06511396914720535,"y":0.7361472249031067,"z":-0.07155521959066391,"w":0.6698711514472961},"size":10.126291275024414,"orthographic":true}